,ciudad_de_ubicaci_n,fecha_reporte_web,conteo_confirmados,conteo_recuperado,conteo_fallecidos,casos_activos,acumulado_dia_confirmados,acumulado_dia_recuperado,acumulado_dia_fallecidos,acumulado_dia_activos
677,Medellín,2020-03-09,1,1.0,0.0,0.0,1,1.0,0.0,0.0
678,Medellín,2020-03-11,2,2.0,0.0,0.0,3,3.0,0.0,0.0
679,Medellín,2020-03-14,2,2.0,0.0,0.0,5,5.0,0.0,0.0
680,Medellín,2020-03-15,1,1.0,0.0,0.0,6,6.0,0.0,0.0
681,Medellín,2020-03-19,3,3.0,0.0,0.0,9,9.0,0.0,0.0
682,Medellín,2020-03-20,7,7.0,0.0,0.0,16,16.0,0.0,0.0
683,Medellín,2020-03-21,1,1.0,0.0,0.0,17,17.0,0.0,0.0
684,Medellín,2020-03-22,2,2.0,0.0,0.0,19,19.0,0.0,0.0
685,Medellín,2020-03-23,13,13.0,0.0,0.0,32,32.0,0.0,0.0
686,Medellín,2020-03-25,6,6.0,0.0,0.0,38,38.0,0.0,0.0
687,Medellín,2020-03-28,4,4.0,0.0,0.0,42,42.0,0.0,0.0
688,Medellín,2020-03-29,8,8.0,0.0,0.0,50,50.0,0.0,0.0
689,Medellín,2020-03-30,8,8.0,0.0,0.0,58,58.0,0.0,0.0
690,Medellín,2020-03-31,4,4.0,0.0,0.0,62,62.0,0.0,0.0
691,Medellín,2020-04-01,1,1.0,0.0,0.0,63,63.0,0.0,0.0
692,Medellín,2020-04-02,10,10.0,0.0,0.0,73,73.0,0.0,0.0
693,Medellín,2020-04-03,11,11.0,0.0,0.0,84,84.0,0.0,0.0
694,Medellín,2020-04-04,2,2.0,0.0,0.0,86,86.0,0.0,0.0
695,Medellín,2020-04-05,9,9.0,0.0,0.0,95,95.0,0.0,0.0
696,Medellín,2020-04-06,5,4.0,1.0,0.0,100,99.0,1.0,0.0
697,Medellín,2020-04-07,13,13.0,0.0,0.0,113,112.0,1.0,0.0
698,Medellín,2020-04-08,27,27.0,0.0,0.0,140,139.0,1.0,0.0
699,Medellín,2020-04-09,2,2.0,0.0,0.0,142,141.0,1.0,0.0
700,Medellín,2020-04-10,5,5.0,0.0,0.0,147,146.0,1.0,0.0
701,Medellín,2020-04-11,3,3.0,0.0,0.0,150,149.0,1.0,0.0
702,Medellín,2020-04-12,7,7.0,0.0,0.0,157,156.0,1.0,0.0
703,Medellín,2020-04-13,10,10.0,0.0,0.0,167,166.0,1.0,0.0
704,Medellín,2020-04-14,13,13.0,0.0,0.0,180,179.0,1.0,0.0
705,Medellín,2020-04-15,10,10.0,0.0,0.0,190,189.0,1.0,0.0
706,Medellín,2020-04-16,4,3.0,1.0,0.0,194,192.0,2.0,0.0
707,Medellín,2020-04-17,6,6.0,0.0,0.0,200,198.0,2.0,0.0
708,Medellín,2020-04-18,8,8.0,0.0,0.0,208,206.0,2.0,0.0
709,Medellín,2020-04-19,11,10.0,1.0,0.0,219,216.0,3.0,0.0
710,Medellín,2020-04-20,6,6.0,0.0,0.0,225,222.0,3.0,0.0
711,Medellín,2020-04-21,3,3.0,0.0,0.0,228,225.0,3.0,0.0
712,Medellín,2020-04-22,6,6.0,0.0,0.0,234,231.0,3.0,0.0
713,Medellín,2020-04-23,15,15.0,0.0,0.0,249,246.0,3.0,0.0
714,Medellín,2020-04-24,5,5.0,0.0,0.0,254,251.0,3.0,0.0
715,Medellín,2020-04-25,1,1.0,0.0,0.0,255,252.0,3.0,0.0
716,Medellín,2020-04-26,3,3.0,0.0,0.0,258,255.0,3.0,0.0
717,Medellín,2020-04-27,8,8.0,0.0,0.0,266,263.0,3.0,0.0
718,Medellín,2020-04-28,3,3.0,0.0,0.0,269,266.0,3.0,0.0
719,Medellín,2020-04-29,4,4.0,0.0,0.0,273,270.0,3.0,0.0
720,Medellín,2020-04-30,4,4.0,0.0,0.0,277,274.0,3.0,0.0
721,Medellín,2020-05-01,1,1.0,0.0,0.0,278,275.0,3.0,0.0
722,Medellín,2020-05-03,6,6.0,0.0,0.0,284,281.0,3.0,0.0
723,Medellín,2020-05-04,3,3.0,0.0,0.0,287,284.0,3.0,0.0
724,Medellín,2020-05-05,3,3.0,0.0,0.0,290,287.0,3.0,0.0
725,Medellín,2020-05-06,3,3.0,0.0,0.0,293,290.0,3.0,0.0
726,Medellín,2020-05-07,3,3.0,0.0,0.0,296,293.0,3.0,0.0
727,Medellín,2020-05-08,3,3.0,0.0,0.0,299,296.0,3.0,0.0
728,Medellín,2020-05-09,1,1.0,0.0,0.0,300,297.0,3.0,0.0
729,Medellín,2020-05-10,2,2.0,0.0,0.0,302,299.0,3.0,0.0
730,Medellín,2020-05-11,5,5.0,0.0,0.0,307,304.0,3.0,0.0
731,Medellín,2020-05-12,4,3.0,1.0,0.0,311,307.0,4.0,0.0
732,Medellín,2020-05-13,7,7.0,0.0,0.0,318,314.0,4.0,0.0
733,Medellín,2020-05-14,10,10.0,0.0,0.0,328,324.0,4.0,0.0
734,Medellín,2020-05-15,7,6.0,1.0,0.0,335,330.0,5.0,0.0
735,Medellín,2020-05-16,6,5.0,1.0,0.0,341,335.0,6.0,0.0
736,Medellín,2020-05-17,8,8.0,0.0,0.0,349,343.0,6.0,0.0
737,Medellín,2020-05-18,6,6.0,0.0,0.0,355,349.0,6.0,0.0
738,Medellín,2020-05-19,13,13.0,0.0,0.0,368,362.0,6.0,0.0
739,Medellín,2020-05-20,4,4.0,0.0,0.0,372,366.0,6.0,0.0
740,Medellín,2020-05-21,13,13.0,0.0,0.0,385,379.0,6.0,0.0
741,Medellín,2020-05-22,8,8.0,0.0,0.0,393,387.0,6.0,0.0
742,Medellín,2020-05-23,34,34.0,0.0,0.0,427,421.0,6.0,0.0
743,Medellín,2020-05-24,13,13.0,0.0,0.0,440,434.0,6.0,0.0
744,Medellín,2020-05-25,6,6.0,0.0,0.0,446,440.0,6.0,0.0
745,Medellín,2020-05-26,23,23.0,0.0,0.0,469,463.0,6.0,0.0
746,Medellín,2020-05-27,14,14.0,0.0,0.0,483,477.0,6.0,0.0
747,Medellín,2020-05-28,21,21.0,0.0,0.0,504,498.0,6.0,0.0
748,Medellín,2020-05-29,11,11.0,0.0,0.0,515,509.0,6.0,0.0
749,Medellín,2020-05-30,16,16.0,0.0,0.0,531,525.0,6.0,0.0
750,Medellín,2020-05-31,17,17.0,0.0,0.0,548,542.0,6.0,0.0
751,Medellín,2020-06-01,5,5.0,0.0,0.0,553,547.0,6.0,0.0
752,Medellín,2020-06-02,24,24.0,0.0,0.0,577,571.0,6.0,0.0
753,Medellín,2020-06-03,16,16.0,0.0,0.0,593,587.0,6.0,0.0
754,Medellín,2020-06-04,13,13.0,0.0,0.0,606,600.0,6.0,0.0
755,Medellín,2020-06-05,12,12.0,0.0,0.0,618,612.0,6.0,0.0
756,Medellín,2020-06-06,13,13.0,0.0,0.0,631,625.0,6.0,0.0
757,Medellín,2020-06-07,16,14.0,2.0,0.0,647,639.0,8.0,0.0
758,Medellín,2020-06-08,28,28.0,0.0,0.0,675,667.0,8.0,0.0
759,Medellín,2020-06-09,34,32.0,0.0,2.0,709,699.0,8.0,2.0
760,Medellín,2020-06-10,28,28.0,0.0,0.0,737,727.0,8.0,2.0
761,Medellín,2020-06-11,18,18.0,0.0,0.0,755,745.0,8.0,2.0
762,Medellín,2020-06-12,29,27.0,1.0,1.0,784,772.0,9.0,3.0
763,Medellín,2020-06-13,33,32.0,0.0,1.0,817,804.0,9.0,4.0
764,Medellín,2020-06-14,32,32.0,0.0,0.0,849,836.0,9.0,4.0
765,Medellín,2020-06-15,51,50.0,1.0,0.0,900,886.0,10.0,4.0
766,Medellín,2020-06-16,35,34.0,0.0,1.0,935,920.0,10.0,5.0
767,Medellín,2020-06-17,38,36.0,0.0,2.0,973,956.0,10.0,7.0
768,Medellín,2020-06-18,62,58.0,2.0,2.0,1035,1014.0,12.0,9.0
769,Medellín,2020-06-19,92,89.0,1.0,2.0,1127,1103.0,13.0,11.0
770,Medellín,2020-06-20,45,41.0,1.0,3.0,1172,1144.0,14.0,14.0
771,Medellín,2020-06-21,64,61.0,1.0,2.0,1236,1205.0,15.0,16.0
772,Medellín,2020-06-22,40,40.0,0.0,0.0,1276,1245.0,15.0,16.0
773,Medellín,2020-06-23,53,53.0,0.0,0.0,1329,1298.0,15.0,16.0
774,Medellín,2020-06-24,83,76.0,4.0,3.0,1412,1374.0,19.0,19.0
775,Medellín,2020-06-25,94,87.0,4.0,3.0,1506,1461.0,23.0,22.0
776,Medellín,2020-06-26,119,112.0,5.0,2.0,1625,1573.0,28.0,24.0
777,Medellín,2020-06-27,132,125.0,5.0,2.0,1757,1698.0,33.0,26.0
778,Medellín,2020-06-28,128,119.0,5.0,4.0,1885,1817.0,38.0,30.0
779,Medellín,2020-06-29,74,68.0,0.0,6.0,1959,1885.0,38.0,36.0
780,Medellín,2020-06-30,123,114.0,1.0,8.0,2082,1999.0,39.0,44.0
781,Medellín,2020-07-01,117,106.0,5.0,6.0,2199,2105.0,44.0,50.0
782,Medellín,2020-07-02,180,167.0,3.0,10.0,2379,2272.0,47.0,60.0
783,Medellín,2020-07-03,145,134.0,5.0,6.0,2524,2406.0,52.0,66.0
784,Medellín,2020-07-04,230,206.0,7.0,17.0,2754,2612.0,59.0,83.0
785,Medellín,2020-07-05,166,154.0,3.0,9.0,2920,2766.0,62.0,92.0
786,Medellín,2020-07-06,228,216.0,6.0,6.0,3148,2982.0,68.0,98.0
787,Medellín,2020-07-07,240,215.0,6.0,19.0,3388,3197.0,74.0,117.0
788,Medellín,2020-07-08,233,215.0,10.0,8.0,3621,3412.0,84.0,125.0
789,Medellín,2020-07-09,300,289.0,4.0,7.0,3921,3701.0,88.0,132.0
790,Medellín,2020-07-10,407,378.0,14.0,15.0,4328,4079.0,102.0,147.0
791,Medellín,2020-07-11,160,146.0,3.0,11.0,4488,4225.0,105.0,158.0
792,Medellín,2020-07-12,304,280.0,11.0,13.0,4792,4505.0,116.0,171.0
793,Medellín,2020-07-13,227,199.0,9.0,19.0,5019,4704.0,125.0,190.0
794,Medellín,2020-07-14,545,496.0,12.0,37.0,5564,5200.0,137.0,227.0
795,Medellín,2020-07-15,471,432.0,17.0,22.0,6035,5632.0,154.0,249.0
796,Medellín,2020-07-16,451,412.0,12.0,27.0,6486,6044.0,166.0,276.0
797,Medellín,2020-07-17,599,581.0,7.0,11.0,7085,6625.0,173.0,287.0
798,Medellín,2020-07-18,886,865.0,7.0,14.0,7971,7490.0,180.0,301.0
799,Medellín,2020-07-19,459,433.0,10.0,16.0,8430,7923.0,190.0,317.0
800,Medellín,2020-07-20,691,662.0,12.0,17.0,9121,8585.0,202.0,334.0
801,Medellín,2020-07-21,1000,943.0,32.0,25.0,10121,9528.0,234.0,359.0
802,Medellín,2020-07-22,626,582.0,30.0,14.0,10747,10110.0,264.0,373.0
803,Medellín,2020-07-23,464,427.0,14.0,23.0,11211,10537.0,278.0,396.0
804,Medellín,2020-07-24,789,739.0,14.0,36.0,12000,11276.0,292.0,432.0
805,Medellín,2020-07-25,762,718.0,22.0,22.0,12762,11994.0,314.0,454.0
806,Medellín,2020-07-26,591,566.0,11.0,14.0,13353,12560.0,325.0,468.0
807,Medellín,2020-07-27,1229,1160.0,35.0,34.0,14582,13720.0,360.0,502.0
808,Medellín,2020-07-28,674,636.0,17.0,21.0,15256,14356.0,377.0,523.0
809,Medellín,2020-07-29,943,866.0,36.0,41.0,16199,15222.0,413.0,564.0
810,Medellín,2020-07-30,847,814.0,8.0,25.0,17046,16036.0,421.0,589.0
811,Medellín,2020-07-31,1101,1038.0,24.0,39.0,18147,17074.0,445.0,628.0
812,Medellín,2020-08-01,1579,1527.0,19.0,33.0,19726,18601.0,464.0,661.0
813,Medellín,2020-08-02,1225,1168.0,34.0,23.0,20951,19769.0,498.0,684.0
814,Medellín,2020-08-03,1654,1604.0,33.0,17.0,22605,21373.0,531.0,701.0
815,Medellín,2020-08-04,652,619.0,14.0,19.0,23257,21992.0,545.0,720.0
816,Medellín,2020-08-05,819,766.0,21.0,32.0,24076,22758.0,566.0,752.0
817,Medellín,2020-08-06,794,728.0,24.0,42.0,24870,23486.0,590.0,794.0
818,Medellín,2020-08-07,1215,1144.0,35.0,36.0,26085,24630.0,625.0,830.0
819,Medellín,2020-08-08,903,866.0,11.0,26.0,26988,25496.0,636.0,856.0
820,Medellín,2020-08-09,1005,972.0,10.0,23.0,27993,26468.0,646.0,879.0
821,Medellín,2020-08-10,1623,1556.0,30.0,37.0,29616,28024.0,676.0,916.0
822,Medellín,2020-08-11,1100,1063.0,20.0,17.0,30716,29087.0,696.0,933.0
823,Medellín,2020-08-12,957,904.0,21.0,32.0,31673,29991.0,717.0,965.0
824,Medellín,2020-08-13,873,822.0,19.0,32.0,32546,30813.0,736.0,997.0
825,Medellín,2020-08-14,1032,966.0,35.0,31.0,33578,31779.0,771.0,1028.0
826,Medellín,2020-08-15,1011,963.0,16.0,32.0,34589,32742.0,787.0,1060.0
827,Medellín,2020-08-16,873,817.0,21.0,35.0,35462,33559.0,808.0,1095.0
828,Medellín,2020-08-17,619,577.0,10.0,32.0,36081,34136.0,818.0,1127.0
829,Medellín,2020-08-18,908,771.0,26.0,111.0,36989,34907.0,844.0,1238.0
830,Medellín,2020-08-19,973,688.0,26.0,259.0,37962,35595.0,870.0,1497.0
831,Medellín,2020-08-20,427,293.0,9.0,125.0,38389,35888.0,879.0,1622.0
832,Medellín,2020-08-21,680,286.0,7.0,387.0,39069,36174.0,886.0,2009.0
833,Medellín,2020-08-22,921,696.0,15.0,210.0,39990,36870.0,901.0,2219.0
834,Medellín,2020-08-23,800,482.0,25.0,293.0,40790,37352.0,926.0,2512.0
835,Medellín,2020-08-24,529,93.0,4.0,432.0,41319,37445.0,930.0,2944.0
836,Medellín,2020-08-25,614,187.0,9.0,418.0,41933,37632.0,939.0,3362.0
837,Medellín,2020-08-26,1351,129.0,19.0,1203.0,43284,37761.0,958.0,4565.0
838,Medellín,2020-08-27,720,30.0,5.0,685.0,44004,37791.0,963.0,5250.0
839,Medellín,2020-08-28,1014,217.0,13.0,784.0,45018,38008.0,976.0,6034.0
840,Medellín,2020-08-29,754,8.0,9.0,737.0,45772,38016.0,985.0,6771.0
841,Medellín,2020-08-30,569,2.0,4.0,563.0,46341,38018.0,989.0,7334.0
842,Medellín,2020-08-31,923,0.0,4.0,919.0,47264,38018.0,993.0,8253.0
843,Medellín,2020-09-01,633,0.0,3.0,630.0,47897,38018.0,996.0,8883.0
844,Medellín,2020-09-02,732,0.0,4.0,728.0,48629,38018.0,1000.0,9611.0
845,Medellín,2020-09-03,278,0.0,0.0,278.0,48907,38018.0,1000.0,9889.0
163,Bogotá D.C.,2020-03-06,1,1.0,0.0,0.0,1,1.0,0.0,0.0
164,Bogotá D.C.,2020-03-11,2,2.0,0.0,0.0,3,3.0,0.0,0.0
165,Bogotá D.C.,2020-03-12,2,2.0,0.0,0.0,5,5.0,0.0,0.0
166,Bogotá D.C.,2020-03-13,1,1.0,0.0,0.0,6,6.0,0.0,0.0
167,Bogotá D.C.,2020-03-14,10,10.0,0.0,0.0,16,16.0,0.0,0.0
168,Bogotá D.C.,2020-03-15,10,10.0,0.0,0.0,26,26.0,0.0,0.0
169,Bogotá D.C.,2020-03-16,6,6.0,0.0,0.0,32,32.0,0.0,0.0
170,Bogotá D.C.,2020-03-17,7,7.0,0.0,0.0,39,39.0,0.0,0.0
171,Bogotá D.C.,2020-03-18,5,5.0,0.0,0.0,44,44.0,0.0,0.0
172,Bogotá D.C.,2020-03-19,8,8.0,0.0,0.0,52,52.0,0.0,0.0
173,Bogotá D.C.,2020-03-20,27,25.0,2.0,0.0,79,77.0,2.0,0.0
174,Bogotá D.C.,2020-03-21,5,5.0,0.0,0.0,84,82.0,2.0,0.0
175,Bogotá D.C.,2020-03-22,4,3.0,1.0,0.0,88,85.0,3.0,0.0
176,Bogotá D.C.,2020-03-23,29,27.0,2.0,0.0,117,112.0,5.0,0.0
177,Bogotá D.C.,2020-03-24,41,39.0,2.0,0.0,158,151.0,7.0,0.0
178,Bogotá D.C.,2020-03-25,14,14.0,0.0,0.0,172,165.0,7.0,0.0
179,Bogotá D.C.,2020-03-26,7,6.0,1.0,0.0,179,171.0,8.0,0.0
180,Bogotá D.C.,2020-03-27,38,36.0,2.0,0.0,217,207.0,10.0,0.0
181,Bogotá D.C.,2020-03-28,38,35.0,3.0,0.0,255,242.0,13.0,0.0
182,Bogotá D.C.,2020-03-29,33,33.0,0.0,0.0,288,275.0,13.0,0.0
183,Bogotá D.C.,2020-03-30,55,52.0,3.0,0.0,343,327.0,16.0,0.0
184,Bogotá D.C.,2020-03-31,40,37.0,3.0,0.0,383,364.0,19.0,0.0
185,Bogotá D.C.,2020-04-01,81,71.0,10.0,0.0,464,435.0,29.0,0.0
186,Bogotá D.C.,2020-04-02,68,64.0,4.0,0.0,532,499.0,33.0,0.0
187,Bogotá D.C.,2020-04-03,44,40.0,4.0,0.0,576,539.0,37.0,0.0
188,Bogotá D.C.,2020-04-04,104,96.0,8.0,0.0,680,635.0,45.0,0.0
189,Bogotá D.C.,2020-04-05,30,25.0,5.0,0.0,710,660.0,50.0,0.0
190,Bogotá D.C.,2020-04-06,51,48.0,3.0,0.0,761,708.0,53.0,0.0
191,Bogotá D.C.,2020-04-07,84,80.0,4.0,0.0,845,788.0,57.0,0.0
192,Bogotá D.C.,2020-04-08,130,122.0,8.0,0.0,975,910.0,65.0,0.0
193,Bogotá D.C.,2020-04-09,36,33.0,3.0,0.0,1011,943.0,68.0,0.0
194,Bogotá D.C.,2020-04-10,88,86.0,2.0,0.0,1099,1029.0,70.0,0.0
195,Bogotá D.C.,2020-04-11,44,40.0,4.0,0.0,1143,1069.0,74.0,0.0
196,Bogotá D.C.,2020-04-12,19,16.0,3.0,0.0,1162,1085.0,77.0,0.0
197,Bogotá D.C.,2020-04-13,24,23.0,1.0,0.0,1186,1108.0,78.0,0.0
198,Bogotá D.C.,2020-04-14,36,33.0,3.0,0.0,1222,1141.0,81.0,0.0
199,Bogotá D.C.,2020-04-15,47,40.0,7.0,0.0,1269,1181.0,88.0,0.0
200,Bogotá D.C.,2020-04-16,43,42.0,1.0,0.0,1312,1223.0,89.0,0.0
201,Bogotá D.C.,2020-04-17,59,59.0,0.0,0.0,1371,1282.0,89.0,0.0
202,Bogotá D.C.,2020-04-18,86,84.0,2.0,0.0,1457,1366.0,91.0,0.0
203,Bogotá D.C.,2020-04-19,119,118.0,1.0,0.0,1576,1484.0,92.0,0.0
204,Bogotá D.C.,2020-04-20,79,77.0,2.0,0.0,1655,1561.0,94.0,0.0
205,Bogotá D.C.,2020-04-21,74,73.0,1.0,0.0,1729,1634.0,95.0,0.0
206,Bogotá D.C.,2020-04-22,84,84.0,0.0,0.0,1813,1718.0,95.0,0.0
207,Bogotá D.C.,2020-04-23,47,42.0,5.0,0.0,1860,1760.0,100.0,0.0
208,Bogotá D.C.,2020-04-24,178,173.0,5.0,0.0,2038,1933.0,105.0,0.0
209,Bogotá D.C.,2020-04-25,89,86.0,3.0,0.0,2127,2019.0,108.0,0.0
210,Bogotá D.C.,2020-04-26,92,89.0,3.0,0.0,2219,2108.0,111.0,0.0
211,Bogotá D.C.,2020-04-27,103,101.0,2.0,0.0,2322,2209.0,113.0,0.0
212,Bogotá D.C.,2020-04-28,64,61.0,3.0,0.0,2386,2270.0,116.0,0.0
213,Bogotá D.C.,2020-04-29,133,127.0,6.0,0.0,2519,2397.0,122.0,0.0
214,Bogotá D.C.,2020-04-30,89,84.0,5.0,0.0,2608,2481.0,127.0,0.0
215,Bogotá D.C.,2020-05-01,147,139.0,8.0,0.0,2755,2620.0,135.0,0.0
216,Bogotá D.C.,2020-05-02,71,69.0,2.0,0.0,2826,2689.0,137.0,0.0
217,Bogotá D.C.,2020-05-03,111,108.0,3.0,0.0,2937,2797.0,140.0,0.0
218,Bogotá D.C.,2020-05-04,127,124.0,3.0,0.0,3064,2921.0,143.0,0.0
219,Bogotá D.C.,2020-05-05,192,178.0,14.0,0.0,3256,3099.0,157.0,0.0
220,Bogotá D.C.,2020-05-06,200,195.0,5.0,0.0,3456,3294.0,162.0,0.0
221,Bogotá D.C.,2020-05-07,130,127.0,3.0,0.0,3586,3421.0,165.0,0.0
222,Bogotá D.C.,2020-05-08,225,215.0,10.0,0.0,3811,3636.0,175.0,0.0
223,Bogotá D.C.,2020-05-09,210,200.0,9.0,1.0,4021,3836.0,184.0,1.0
224,Bogotá D.C.,2020-05-10,128,125.0,2.0,1.0,4149,3961.0,186.0,2.0
225,Bogotá D.C.,2020-05-11,150,147.0,3.0,0.0,4299,4108.0,189.0,2.0
226,Bogotá D.C.,2020-05-12,256,249.0,7.0,0.0,4555,4357.0,196.0,2.0
227,Bogotá D.C.,2020-05-13,121,118.0,3.0,0.0,4676,4475.0,199.0,2.0
228,Bogotá D.C.,2020-05-14,208,204.0,4.0,0.0,4884,4679.0,203.0,2.0
229,Bogotá D.C.,2020-05-15,115,112.0,3.0,0.0,4999,4791.0,206.0,2.0
230,Bogotá D.C.,2020-05-16,277,270.0,6.0,1.0,5276,5061.0,212.0,3.0
231,Bogotá D.C.,2020-05-17,241,238.0,2.0,1.0,5517,5299.0,214.0,4.0
232,Bogotá D.C.,2020-05-18,196,194.0,2.0,0.0,5713,5493.0,216.0,4.0
233,Bogotá D.C.,2020-05-19,216,206.0,10.0,0.0,5929,5699.0,226.0,4.0
234,Bogotá D.C.,2020-05-20,253,248.0,5.0,0.0,6182,5947.0,231.0,4.0
235,Bogotá D.C.,2020-05-21,122,118.0,3.0,1.0,6304,6065.0,234.0,5.0
236,Bogotá D.C.,2020-05-22,280,273.0,7.0,0.0,6584,6338.0,241.0,5.0
237,Bogotá D.C.,2020-05-23,381,369.0,11.0,1.0,6965,6707.0,252.0,6.0
238,Bogotá D.C.,2020-05-24,238,230.0,8.0,0.0,7203,6937.0,260.0,6.0
239,Bogotá D.C.,2020-05-25,177,171.0,5.0,1.0,7380,7108.0,265.0,7.0
240,Bogotá D.C.,2020-05-26,355,349.0,5.0,1.0,7735,7457.0,270.0,8.0
241,Bogotá D.C.,2020-05-27,302,290.0,11.0,1.0,8037,7747.0,281.0,9.0
242,Bogotá D.C.,2020-05-28,488,478.0,10.0,0.0,8525,8225.0,291.0,9.0
243,Bogotá D.C.,2020-05-29,626,614.0,12.0,0.0,9151,8839.0,303.0,9.0
244,Bogotá D.C.,2020-05-30,477,454.0,21.0,2.0,9628,9293.0,324.0,11.0
245,Bogotá D.C.,2020-05-31,351,347.0,3.0,1.0,9979,9640.0,327.0,12.0
246,Bogotá D.C.,2020-06-01,383,372.0,9.0,2.0,10362,10012.0,336.0,14.0
247,Bogotá D.C.,2020-06-02,371,361.0,9.0,1.0,10733,10373.0,345.0,15.0
248,Bogotá D.C.,2020-06-03,504,487.0,13.0,4.0,11237,10860.0,358.0,19.0
249,Bogotá D.C.,2020-06-04,534,513.0,14.0,7.0,11771,11373.0,372.0,26.0
250,Bogotá D.C.,2020-06-05,400,385.0,9.0,6.0,12171,11758.0,381.0,32.0
251,Bogotá D.C.,2020-06-06,376,366.0,5.0,5.0,12547,12124.0,386.0,37.0
252,Bogotá D.C.,2020-06-07,313,298.0,8.0,7.0,12860,12422.0,394.0,44.0
253,Bogotá D.C.,2020-06-08,441,426.0,9.0,6.0,13301,12848.0,403.0,50.0
254,Bogotá D.C.,2020-06-09,380,362.0,13.0,5.0,13681,13210.0,416.0,55.0
255,Bogotá D.C.,2020-06-10,419,404.0,9.0,6.0,14100,13614.0,425.0,61.0
256,Bogotá D.C.,2020-06-11,408,393.0,9.0,6.0,14508,14007.0,434.0,67.0
257,Bogotá D.C.,2020-06-12,404,383.0,14.0,7.0,14912,14390.0,448.0,74.0
258,Bogotá D.C.,2020-06-13,519,488.0,20.0,11.0,15431,14878.0,468.0,85.0
259,Bogotá D.C.,2020-06-14,576,548.0,17.0,11.0,16007,15426.0,485.0,96.0
260,Bogotá D.C.,2020-06-15,367,354.0,7.0,6.0,16374,15780.0,492.0,102.0
261,Bogotá D.C.,2020-06-16,434,392.0,19.0,23.0,16808,16172.0,511.0,125.0
262,Bogotá D.C.,2020-06-17,552,525.0,18.0,9.0,17360,16697.0,529.0,134.0
263,Bogotá D.C.,2020-06-18,785,730.0,34.0,21.0,18145,17427.0,563.0,155.0
264,Bogotá D.C.,2020-06-19,1038,1001.0,25.0,12.0,19183,18428.0,588.0,167.0
265,Bogotá D.C.,2020-06-20,527,488.0,19.0,20.0,19710,18916.0,607.0,187.0
266,Bogotá D.C.,2020-06-21,940,887.0,35.0,18.0,20650,19803.0,642.0,205.0
267,Bogotá D.C.,2020-06-22,833,795.0,21.0,17.0,21483,20598.0,663.0,222.0
268,Bogotá D.C.,2020-06-23,865,820.0,21.0,24.0,22348,21418.0,684.0,246.0
269,Bogotá D.C.,2020-06-24,957,920.0,22.0,15.0,23305,22338.0,706.0,261.0
270,Bogotá D.C.,2020-06-25,1268,1192.0,44.0,32.0,24573,23530.0,750.0,293.0
271,Bogotá D.C.,2020-06-26,895,845.0,28.0,22.0,25468,24375.0,778.0,315.0
272,Bogotá D.C.,2020-06-27,1571,1451.0,65.0,55.0,27039,25826.0,843.0,370.0
273,Bogotá D.C.,2020-06-28,808,753.0,31.0,24.0,27847,26579.0,874.0,394.0
274,Bogotá D.C.,2020-06-29,1391,1315.0,45.0,31.0,29238,27894.0,919.0,425.0
275,Bogotá D.C.,2020-06-30,716,677.0,21.0,18.0,29954,28571.0,940.0,443.0
276,Bogotá D.C.,2020-07-01,1394,1295.0,54.0,45.0,31348,29866.0,994.0,488.0
277,Bogotá D.C.,2020-07-02,1305,1215.0,49.0,41.0,32653,31081.0,1043.0,529.0
278,Bogotá D.C.,2020-07-03,1398,1323.0,36.0,39.0,34051,32404.0,1079.0,568.0
279,Bogotá D.C.,2020-07-04,1131,1047.0,42.0,42.0,35182,33451.0,1121.0,610.0
280,Bogotá D.C.,2020-07-05,1282,1214.0,43.0,25.0,36464,34665.0,1164.0,635.0
281,Bogotá D.C.,2020-07-06,1082,1014.0,44.0,24.0,37546,35679.0,1208.0,659.0
282,Bogotá D.C.,2020-07-07,1605,1477.0,57.0,71.0,39151,37156.0,1265.0,730.0
283,Bogotá D.C.,2020-07-08,1480,1353.0,74.0,53.0,40631,38509.0,1339.0,783.0
284,Bogotá D.C.,2020-07-09,1605,1460.0,64.0,81.0,42236,39969.0,1403.0,864.0
285,Bogotá D.C.,2020-07-10,2699,2568.0,78.0,53.0,44935,42537.0,1481.0,917.0
286,Bogotá D.C.,2020-07-11,2480,2339.0,78.0,63.0,47415,44876.0,1559.0,980.0
287,Bogotá D.C.,2020-07-12,2113,1980.0,69.0,64.0,49528,46856.0,1628.0,1044.0
288,Bogotá D.C.,2020-07-13,1625,1504.0,52.0,69.0,51153,48360.0,1680.0,1113.0
289,Bogotá D.C.,2020-07-14,1846,1733.0,70.0,43.0,52999,50093.0,1750.0,1156.0
290,Bogotá D.C.,2020-07-15,1923,1771.0,84.0,68.0,54922,51864.0,1834.0,1224.0
291,Bogotá D.C.,2020-07-16,1771,1642.0,70.0,59.0,56693,53506.0,1904.0,1283.0
292,Bogotá D.C.,2020-07-17,2112,1938.0,83.0,91.0,58805,55444.0,1987.0,1374.0
293,Bogotá D.C.,2020-07-18,1484,1369.0,77.0,38.0,60289,56813.0,2064.0,1412.0
294,Bogotá D.C.,2020-07-19,2865,2663.0,107.0,95.0,63154,59476.0,2171.0,1507.0
295,Bogotá D.C.,2020-07-20,2329,2116.0,113.0,100.0,65483,61592.0,2284.0,1607.0
296,Bogotá D.C.,2020-07-21,2255,2042.0,94.0,119.0,67738,63634.0,2378.0,1726.0
297,Bogotá D.C.,2020-07-22,2981,2710.0,142.0,129.0,70719,66344.0,2520.0,1855.0
298,Bogotá D.C.,2020-07-23,3749,3548.0,104.0,97.0,74468,69892.0,2624.0,1952.0
299,Bogotá D.C.,2020-07-24,3281,3016.0,112.0,153.0,77749,72908.0,2736.0,2105.0
300,Bogotá D.C.,2020-07-25,3291,3075.0,99.0,117.0,81040,75983.0,2835.0,2222.0
301,Bogotá D.C.,2020-07-26,3025,2737.0,143.0,145.0,84065,78720.0,2978.0,2367.0
302,Bogotá D.C.,2020-07-27,2636,2512.0,70.0,54.0,86701,81232.0,3048.0,2421.0
303,Bogotá D.C.,2020-07-28,4545,4197.0,166.0,182.0,91246,85429.0,3214.0,2603.0
304,Bogotá D.C.,2020-07-29,3768,3474.0,159.0,135.0,95014,88903.0,3373.0,2738.0
305,Bogotá D.C.,2020-07-30,3010,2851.0,76.0,83.0,98024,91754.0,3449.0,2821.0
306,Bogotá D.C.,2020-07-31,3714,3485.0,115.0,114.0,101738,95239.0,3564.0,2935.0
307,Bogotá D.C.,2020-08-01,2698,2474.0,75.0,149.0,104436,97713.0,3639.0,3084.0
308,Bogotá D.C.,2020-08-02,4577,4257.0,139.0,181.0,109013,101970.0,3778.0,3265.0
309,Bogotá D.C.,2020-08-03,2302,2132.0,81.0,89.0,111315,104102.0,3859.0,3354.0
310,Bogotá D.C.,2020-08-04,2261,2138.0,60.0,63.0,113576,106240.0,3919.0,3417.0
311,Bogotá D.C.,2020-08-05,4247,3914.0,143.0,190.0,117823,110154.0,4062.0,3607.0
312,Bogotá D.C.,2020-08-06,6056,5732.0,155.0,169.0,123879,115886.0,4217.0,3776.0
313,Bogotá D.C.,2020-08-07,2627,2515.0,50.0,62.0,126506,118401.0,4267.0,3838.0
314,Bogotá D.C.,2020-08-08,3486,3301.0,73.0,112.0,129992,121702.0,4340.0,3950.0
315,Bogotá D.C.,2020-08-09,3393,3186.0,97.0,110.0,133385,124888.0,4437.0,4060.0
316,Bogotá D.C.,2020-08-10,3381,3063.0,99.0,219.0,136766,127951.0,4536.0,4279.0
317,Bogotá D.C.,2020-08-11,4959,4722.0,81.0,156.0,141725,132673.0,4617.0,4435.0
318,Bogotá D.C.,2020-08-12,4119,3844.0,94.0,181.0,145844,136517.0,4711.0,4616.0
319,Bogotá D.C.,2020-08-13,3836,3622.0,60.0,154.0,149680,140139.0,4771.0,4770.0
320,Bogotá D.C.,2020-08-14,4504,4263.0,81.0,160.0,154184,144402.0,4852.0,4930.0
321,Bogotá D.C.,2020-08-15,4220,2210.0,81.0,1929.0,158404,146612.0,4933.0,6859.0
322,Bogotá D.C.,2020-08-16,4626,2197.0,62.0,2367.0,163030,148809.0,4995.0,9226.0
323,Bogotá D.C.,2020-08-17,3379,1719.0,42.0,1618.0,166409,150528.0,5037.0,10844.0
324,Bogotá D.C.,2020-08-18,4650,2138.0,54.0,2458.0,171059,152666.0,5091.0,13302.0
325,Bogotá D.C.,2020-08-19,5010,1778.0,97.0,3135.0,176069,154444.0,5188.0,16437.0
326,Bogotá D.C.,2020-08-20,3207,1229.0,80.0,1898.0,179276,155673.0,5268.0,18335.0
327,Bogotá D.C.,2020-08-21,2234,599.0,44.0,1591.0,181510,156272.0,5312.0,19926.0
328,Bogotá D.C.,2020-08-22,4259,2116.0,71.0,2072.0,185769,158388.0,5383.0,21998.0
329,Bogotá D.C.,2020-08-23,2172,502.0,26.0,1644.0,187941,158890.0,5409.0,23642.0
330,Bogotá D.C.,2020-08-24,4426,1243.0,45.0,3138.0,192367,160133.0,5454.0,26780.0
331,Bogotá D.C.,2020-08-25,2485,332.0,30.0,2123.0,194852,160465.0,5484.0,28903.0
332,Bogotá D.C.,2020-08-26,4171,270.0,47.0,3854.0,199023,160735.0,5531.0,32757.0
333,Bogotá D.C.,2020-08-27,2518,146.0,31.0,2341.0,201541,160881.0,5562.0,35098.0
334,Bogotá D.C.,2020-08-28,2181,32.0,14.0,2135.0,203722,160913.0,5576.0,37233.0
335,Bogotá D.C.,2020-08-29,3337,52.0,21.0,3264.0,207059,160965.0,5597.0,40497.0
336,Bogotá D.C.,2020-08-30,1845,11.0,18.0,1816.0,208904,160976.0,5615.0,42313.0
337,Bogotá D.C.,2020-08-31,2048,0.0,13.0,2035.0,210952,160976.0,5628.0,44348.0
338,Bogotá D.C.,2020-09-01,2330,0.0,4.0,2326.0,213282,160976.0,5632.0,46674.0
339,Bogotá D.C.,2020-09-02,3022,0.0,20.0,3002.0,216304,160976.0,5652.0,49676.0
340,Bogotá D.C.,2020-09-03,2931,0.0,0.0,2931.0,219235,160976.0,5652.0,52607.0
341,Cali,2020-03-13,1,1.0,0.0,0.0,1,1.0,0.0,0.0
342,Cali,2020-03-16,2,2.0,0.0,0.0,3,3.0,0.0,0.0
343,Cali,2020-03-17,5,5.0,0.0,0.0,8,8.0,0.0,0.0
344,Cali,2020-03-20,1,1.0,0.0,0.0,9,9.0,0.0,0.0
345,Cali,2020-03-21,6,6.0,0.0,0.0,15,15.0,0.0,0.0
346,Cali,2020-03-22,4,4.0,0.0,0.0,19,19.0,0.0,0.0
347,Cali,2020-03-23,3,2.0,1.0,0.0,22,21.0,1.0,0.0
348,Cali,2020-03-24,23,23.0,0.0,0.0,45,44.0,1.0,0.0
349,Cali,2020-03-25,1,1.0,0.0,0.0,46,45.0,1.0,0.0
350,Cali,2020-03-26,2,2.0,0.0,0.0,48,47.0,1.0,0.0
351,Cali,2020-03-28,8,6.0,1.0,1.0,56,53.0,2.0,1.0
352,Cali,2020-03-29,7,6.0,1.0,0.0,63,59.0,3.0,1.0
353,Cali,2020-03-30,7,5.0,2.0,0.0,70,64.0,5.0,1.0
354,Cali,2020-03-31,8,8.0,0.0,0.0,78,72.0,5.0,1.0
355,Cali,2020-04-01,23,23.0,0.0,0.0,101,95.0,5.0,1.0
356,Cali,2020-04-02,2,2.0,0.0,0.0,103,97.0,5.0,1.0
357,Cali,2020-04-03,13,11.0,2.0,0.0,116,108.0,7.0,1.0
358,Cali,2020-04-04,14,12.0,2.0,0.0,130,120.0,9.0,1.0
359,Cali,2020-04-05,14,14.0,0.0,0.0,144,134.0,9.0,1.0
360,Cali,2020-04-06,9,8.0,1.0,0.0,153,142.0,10.0,1.0
361,Cali,2020-04-07,13,10.0,3.0,0.0,166,152.0,13.0,1.0
362,Cali,2020-04-08,71,66.0,5.0,0.0,237,218.0,18.0,1.0
363,Cali,2020-04-09,31,27.0,4.0,0.0,268,245.0,22.0,1.0
364,Cali,2020-04-10,63,56.0,4.0,3.0,331,301.0,26.0,4.0
365,Cali,2020-04-11,45,37.0,8.0,0.0,376,338.0,34.0,4.0
366,Cali,2020-04-12,6,6.0,0.0,0.0,382,344.0,34.0,4.0
367,Cali,2020-04-13,5,5.0,0.0,0.0,387,349.0,34.0,4.0
368,Cali,2020-04-14,12,11.0,1.0,0.0,399,360.0,35.0,4.0
369,Cali,2020-04-15,15,14.0,1.0,0.0,414,374.0,36.0,4.0
370,Cali,2020-04-16,18,17.0,1.0,0.0,432,391.0,37.0,4.0
371,Cali,2020-04-17,30,28.0,1.0,1.0,462,419.0,38.0,5.0
372,Cali,2020-04-18,12,9.0,2.0,1.0,474,428.0,40.0,6.0
373,Cali,2020-04-19,9,9.0,0.0,0.0,483,437.0,40.0,6.0
374,Cali,2020-04-20,38,36.0,2.0,0.0,521,473.0,42.0,6.0
375,Cali,2020-04-21,24,20.0,1.0,3.0,545,493.0,43.0,9.0
376,Cali,2020-04-22,23,22.0,1.0,0.0,568,515.0,44.0,9.0
377,Cali,2020-04-23,33,30.0,2.0,1.0,601,545.0,46.0,10.0
378,Cali,2020-04-24,17,15.0,2.0,0.0,618,560.0,48.0,10.0
379,Cali,2020-04-25,16,16.0,0.0,0.0,634,576.0,48.0,10.0
380,Cali,2020-04-26,19,17.0,0.0,2.0,653,593.0,48.0,12.0
381,Cali,2020-04-27,6,6.0,0.0,0.0,659,599.0,48.0,12.0
382,Cali,2020-04-28,29,21.0,8.0,0.0,688,620.0,56.0,12.0
383,Cali,2020-04-29,20,18.0,0.0,2.0,708,638.0,56.0,14.0
384,Cali,2020-04-30,37,32.0,2.0,3.0,745,670.0,58.0,17.0
385,Cali,2020-05-01,48,44.0,1.0,3.0,793,714.0,59.0,20.0
386,Cali,2020-05-02,40,38.0,0.0,2.0,833,752.0,59.0,22.0
387,Cali,2020-05-03,2,2.0,0.0,0.0,835,754.0,59.0,22.0
388,Cali,2020-05-04,26,26.0,0.0,0.0,861,780.0,59.0,22.0
389,Cali,2020-05-05,27,23.0,4.0,0.0,888,803.0,63.0,22.0
390,Cali,2020-05-06,39,37.0,1.0,1.0,927,840.0,64.0,23.0
391,Cali,2020-05-07,38,35.0,2.0,1.0,965,875.0,66.0,24.0
392,Cali,2020-05-08,36,32.0,2.0,2.0,1001,907.0,68.0,26.0
393,Cali,2020-05-09,51,46.0,4.0,1.0,1052,953.0,72.0,27.0
394,Cali,2020-05-10,10,9.0,1.0,0.0,1062,962.0,73.0,27.0
395,Cali,2020-05-11,26,24.0,2.0,0.0,1088,986.0,75.0,27.0
396,Cali,2020-05-12,27,26.0,0.0,1.0,1115,1012.0,75.0,28.0
397,Cali,2020-05-13,52,45.0,6.0,1.0,1167,1057.0,81.0,29.0
398,Cali,2020-05-14,64,61.0,3.0,0.0,1231,1118.0,84.0,29.0
399,Cali,2020-05-15,39,39.0,0.0,0.0,1270,1157.0,84.0,29.0
400,Cali,2020-05-16,61,54.0,7.0,0.0,1331,1211.0,91.0,29.0
401,Cali,2020-05-17,69,64.0,5.0,0.0,1400,1275.0,96.0,29.0
402,Cali,2020-05-18,25,19.0,4.0,2.0,1425,1294.0,100.0,31.0
403,Cali,2020-05-19,80,76.0,4.0,0.0,1505,1370.0,104.0,31.0
404,Cali,2020-05-20,66,63.0,3.0,0.0,1571,1433.0,107.0,31.0
405,Cali,2020-05-21,57,55.0,2.0,0.0,1628,1488.0,109.0,31.0
406,Cali,2020-05-22,104,98.0,6.0,0.0,1732,1586.0,115.0,31.0
407,Cali,2020-05-23,79,75.0,4.0,0.0,1811,1661.0,119.0,31.0
408,Cali,2020-05-24,89,87.0,2.0,0.0,1900,1748.0,121.0,31.0
409,Cali,2020-05-25,44,44.0,0.0,0.0,1944,1792.0,121.0,31.0
410,Cali,2020-05-26,133,130.0,3.0,0.0,2077,1922.0,124.0,31.0
411,Cali,2020-05-27,112,110.0,2.0,0.0,2189,2032.0,126.0,31.0
412,Cali,2020-05-28,110,106.0,3.0,1.0,2299,2138.0,129.0,32.0
413,Cali,2020-05-29,96,84.0,11.0,1.0,2395,2222.0,140.0,33.0
414,Cali,2020-05-30,143,138.0,4.0,1.0,2538,2360.0,144.0,34.0
415,Cali,2020-05-31,65,63.0,1.0,1.0,2603,2423.0,145.0,35.0
416,Cali,2020-06-01,80,73.0,5.0,2.0,2683,2496.0,150.0,37.0
417,Cali,2020-06-02,78,71.0,7.0,0.0,2761,2567.0,157.0,37.0
418,Cali,2020-06-03,130,115.0,11.0,4.0,2891,2682.0,168.0,41.0
419,Cali,2020-06-04,82,77.0,4.0,1.0,2973,2759.0,172.0,42.0
420,Cali,2020-06-05,116,105.0,5.0,6.0,3089,2864.0,177.0,48.0
421,Cali,2020-06-06,122,118.0,2.0,2.0,3211,2982.0,179.0,50.0
422,Cali,2020-06-07,47,41.0,5.0,1.0,3258,3023.0,184.0,51.0
423,Cali,2020-06-08,166,158.0,6.0,2.0,3424,3181.0,190.0,53.0
424,Cali,2020-06-09,115,112.0,1.0,2.0,3539,3293.0,191.0,55.0
425,Cali,2020-06-10,111,98.0,4.0,9.0,3650,3391.0,195.0,64.0
426,Cali,2020-06-11,221,216.0,3.0,2.0,3871,3607.0,198.0,66.0
427,Cali,2020-06-12,110,105.0,3.0,2.0,3981,3712.0,201.0,68.0
428,Cali,2020-06-13,144,127.0,9.0,8.0,4125,3839.0,210.0,76.0
429,Cali,2020-06-14,160,153.0,3.0,4.0,4285,3992.0,213.0,80.0
430,Cali,2020-06-15,177,162.0,8.0,7.0,4462,4154.0,221.0,87.0
431,Cali,2020-06-16,125,112.0,6.0,7.0,4587,4266.0,227.0,94.0
432,Cali,2020-06-17,168,157.0,8.0,3.0,4755,4423.0,235.0,97.0
433,Cali,2020-06-18,222,204.0,11.0,7.0,4977,4627.0,246.0,104.0
434,Cali,2020-06-19,165,141.0,15.0,9.0,5142,4768.0,261.0,113.0
435,Cali,2020-06-20,160,145.0,4.0,11.0,5302,4913.0,265.0,124.0
436,Cali,2020-06-21,203,197.0,4.0,2.0,5505,5110.0,269.0,126.0
437,Cali,2020-06-22,108,103.0,3.0,2.0,5613,5213.0,272.0,128.0
438,Cali,2020-06-23,189,172.0,9.0,8.0,5802,5385.0,281.0,136.0
439,Cali,2020-06-24,315,284.0,17.0,14.0,6117,5669.0,298.0,150.0
440,Cali,2020-06-25,280,253.0,9.0,18.0,6397,5922.0,307.0,168.0
441,Cali,2020-06-26,209,192.0,8.0,9.0,6606,6114.0,315.0,177.0
442,Cali,2020-06-27,265,233.0,9.0,23.0,6871,6347.0,324.0,200.0
443,Cali,2020-06-28,127,115.0,4.0,8.0,6998,6462.0,328.0,208.0
444,Cali,2020-06-29,91,81.0,3.0,7.0,7089,6543.0,331.0,215.0
445,Cali,2020-06-30,256,237.0,11.0,8.0,7345,6780.0,342.0,223.0
446,Cali,2020-07-01,422,376.0,18.0,28.0,7767,7156.0,360.0,251.0
447,Cali,2020-07-02,300,262.0,10.0,28.0,8067,7418.0,370.0,279.0
448,Cali,2020-07-03,245,230.0,4.0,11.0,8312,7648.0,374.0,290.0
449,Cali,2020-07-04,374,327.0,18.0,29.0,8686,7975.0,392.0,319.0
450,Cali,2020-07-05,141,123.0,11.0,7.0,8827,8098.0,403.0,326.0
451,Cali,2020-07-06,179,163.0,5.0,11.0,9006,8261.0,408.0,337.0
452,Cali,2020-07-07,262,230.0,16.0,16.0,9268,8491.0,424.0,353.0
453,Cali,2020-07-08,313,284.0,10.0,19.0,9581,8775.0,434.0,372.0
454,Cali,2020-07-09,393,318.0,31.0,44.0,9974,9093.0,465.0,416.0
455,Cali,2020-07-10,453,415.0,16.0,22.0,10427,9508.0,481.0,438.0
456,Cali,2020-07-11,216,187.0,8.0,21.0,10643,9695.0,489.0,459.0
457,Cali,2020-07-12,192,167.0,9.0,16.0,10835,9862.0,498.0,475.0
458,Cali,2020-07-13,232,200.0,8.0,24.0,11067,10062.0,506.0,499.0
459,Cali,2020-07-14,274,243.0,8.0,23.0,11341,10305.0,514.0,522.0
460,Cali,2020-07-15,462,413.0,23.0,26.0,11803,10718.0,537.0,548.0
461,Cali,2020-07-16,297,253.0,13.0,31.0,12100,10971.0,550.0,579.0
462,Cali,2020-07-17,390,347.0,21.0,22.0,12490,11318.0,571.0,601.0
463,Cali,2020-07-18,569,542.0,12.0,15.0,13059,11860.0,583.0,616.0
464,Cali,2020-07-19,171,165.0,5.0,1.0,13230,12025.0,588.0,617.0
465,Cali,2020-07-20,364,342.0,10.0,12.0,13594,12367.0,598.0,629.0
466,Cali,2020-07-21,317,262.0,24.0,31.0,13911,12629.0,622.0,660.0
467,Cali,2020-07-22,623,555.0,28.0,40.0,14534,13184.0,650.0,700.0
468,Cali,2020-07-23,597,541.0,20.0,36.0,15131,13725.0,670.0,736.0
469,Cali,2020-07-24,393,338.0,21.0,34.0,15524,14063.0,691.0,770.0
470,Cali,2020-07-25,388,333.0,22.0,33.0,15912,14396.0,713.0,803.0
471,Cali,2020-07-26,519,478.0,16.0,25.0,16431,14874.0,729.0,828.0
472,Cali,2020-07-27,422,392.0,19.0,11.0,16853,15266.0,748.0,839.0
473,Cali,2020-07-28,536,487.0,24.0,25.0,17389,15753.0,772.0,864.0
474,Cali,2020-07-29,317,273.0,20.0,24.0,17706,16026.0,792.0,888.0
475,Cali,2020-07-30,698,629.0,26.0,43.0,18404,16655.0,818.0,931.0
476,Cali,2020-07-31,572,536.0,15.0,21.0,18976,17191.0,833.0,952.0
477,Cali,2020-08-01,786,707.0,35.0,44.0,19762,17898.0,868.0,996.0
478,Cali,2020-08-02,493,443.0,23.0,27.0,20255,18341.0,891.0,1023.0
479,Cali,2020-08-03,775,725.0,27.0,23.0,21030,19066.0,918.0,1046.0
480,Cali,2020-08-04,358,310.0,23.0,25.0,21388,19376.0,941.0,1071.0
481,Cali,2020-08-05,818,770.0,19.0,29.0,22206,20146.0,960.0,1100.0
482,Cali,2020-08-06,898,824.0,33.0,41.0,23104,20970.0,993.0,1141.0
483,Cali,2020-08-07,518,493.0,12.0,13.0,23622,21463.0,1005.0,1154.0
484,Cali,2020-08-08,389,364.0,13.0,12.0,24011,21827.0,1018.0,1166.0
485,Cali,2020-08-09,678,642.0,15.0,21.0,24689,22469.0,1033.0,1187.0
486,Cali,2020-08-10,262,229.0,9.0,24.0,24951,22698.0,1042.0,1211.0
487,Cali,2020-08-11,681,623.0,23.0,35.0,25632,23321.0,1065.0,1246.0
488,Cali,2020-08-12,1651,1587.0,23.0,41.0,27283,24908.0,1088.0,1287.0
489,Cali,2020-08-13,668,621.0,21.0,26.0,27951,25529.0,1109.0,1313.0
490,Cali,2020-08-14,554,524.0,10.0,20.0,28505,26053.0,1119.0,1333.0
491,Cali,2020-08-15,531,504.0,15.0,12.0,29036,26557.0,1134.0,1345.0
492,Cali,2020-08-16,442,422.0,5.0,15.0,29478,26979.0,1139.0,1360.0
493,Cali,2020-08-17,334,279.0,16.0,39.0,29812,27258.0,1155.0,1399.0
494,Cali,2020-08-18,819,728.0,23.0,68.0,30631,27986.0,1178.0,1467.0
495,Cali,2020-08-19,829,673.0,24.0,132.0,31460,28659.0,1202.0,1599.0
496,Cali,2020-08-20,993,785.0,29.0,179.0,32453,29444.0,1231.0,1778.0
497,Cali,2020-08-21,497,289.0,9.0,199.0,32950,29733.0,1240.0,1977.0
498,Cali,2020-08-22,526,308.0,9.0,209.0,33476,30041.0,1249.0,2186.0
499,Cali,2020-08-23,273,99.0,11.0,163.0,33749,30140.0,1260.0,2349.0
500,Cali,2020-08-24,477,167.0,4.0,306.0,34226,30307.0,1264.0,2655.0
501,Cali,2020-08-25,587,200.0,22.0,365.0,34813,30507.0,1286.0,3020.0
502,Cali,2020-08-26,227,24.0,7.0,196.0,35040,30531.0,1293.0,3216.0
503,Cali,2020-08-27,395,82.0,2.0,311.0,35435,30613.0,1295.0,3527.0
504,Cali,2020-08-28,368,22.0,7.0,339.0,35803,30635.0,1302.0,3866.0
505,Cali,2020-08-29,326,6.0,5.0,315.0,36129,30641.0,1307.0,4181.0
506,Cali,2020-08-30,334,2.0,5.0,327.0,36463,30643.0,1312.0,4508.0
507,Cali,2020-08-31,308,0.0,2.0,306.0,36771,30643.0,1314.0,4814.0
508,Cali,2020-09-01,564,1.0,5.0,558.0,37335,30644.0,1319.0,5372.0
509,Cali,2020-09-02,382,0.0,1.0,381.0,37717,30644.0,1320.0,5753.0
510,Cali,2020-09-03,261,0.0,0.0,261.0,37978,30644.0,1320.0,6014.0
511,Cartagena de Indias,2020-03-11,1,1.0,0.0,0.0,1,1.0,0.0,0.0
512,Cartagena de Indias,2020-03-15,2,2.0,0.0,0.0,3,3.0,0.0,0.0
513,Cartagena de Indias,2020-03-16,2,1.0,1.0,0.0,5,4.0,1.0,0.0
514,Cartagena de Indias,2020-03-17,1,1.0,0.0,0.0,6,5.0,1.0,0.0
515,Cartagena de Indias,2020-03-18,3,3.0,0.0,0.0,9,8.0,1.0,0.0
516,Cartagena de Indias,2020-03-19,1,1.0,0.0,0.0,10,9.0,1.0,0.0
517,Cartagena de Indias,2020-03-20,1,1.0,0.0,0.0,11,10.0,1.0,0.0
518,Cartagena de Indias,2020-03-21,4,4.0,0.0,0.0,15,14.0,1.0,0.0
519,Cartagena de Indias,2020-03-23,1,1.0,0.0,0.0,16,15.0,1.0,0.0
520,Cartagena de Indias,2020-03-24,5,5.0,0.0,0.0,21,20.0,1.0,0.0
521,Cartagena de Indias,2020-03-25,5,5.0,0.0,0.0,26,25.0,1.0,0.0
522,Cartagena de Indias,2020-03-28,1,1.0,0.0,0.0,27,26.0,1.0,0.0
523,Cartagena de Indias,2020-03-29,7,6.0,1.0,0.0,34,32.0,2.0,0.0
524,Cartagena de Indias,2020-03-30,3,2.0,1.0,0.0,37,34.0,3.0,0.0
525,Cartagena de Indias,2020-03-31,2,2.0,0.0,0.0,39,36.0,3.0,0.0
526,Cartagena de Indias,2020-04-03,3,3.0,0.0,0.0,42,39.0,3.0,0.0
527,Cartagena de Indias,2020-04-06,11,10.0,1.0,0.0,53,49.0,4.0,0.0
528,Cartagena de Indias,2020-04-07,3,1.0,2.0,0.0,56,50.0,6.0,0.0
529,Cartagena de Indias,2020-04-08,9,9.0,0.0,0.0,65,59.0,6.0,0.0
530,Cartagena de Indias,2020-04-09,14,10.0,4.0,0.0,79,69.0,10.0,0.0
531,Cartagena de Indias,2020-04-10,21,20.0,1.0,0.0,100,89.0,11.0,0.0
532,Cartagena de Indias,2020-04-11,8,7.0,1.0,0.0,108,96.0,12.0,0.0
533,Cartagena de Indias,2020-04-12,6,6.0,0.0,0.0,114,102.0,12.0,0.0
534,Cartagena de Indias,2020-04-13,10,10.0,0.0,0.0,124,112.0,12.0,0.0
535,Cartagena de Indias,2020-04-14,9,7.0,2.0,0.0,133,119.0,14.0,0.0
536,Cartagena de Indias,2020-04-15,14,12.0,2.0,0.0,147,131.0,16.0,0.0
537,Cartagena de Indias,2020-04-16,8,7.0,1.0,0.0,155,138.0,17.0,0.0
538,Cartagena de Indias,2020-04-17,5,4.0,0.0,1.0,160,142.0,17.0,1.0
539,Cartagena de Indias,2020-04-18,10,9.0,0.0,1.0,170,151.0,17.0,2.0
540,Cartagena de Indias,2020-04-19,1,1.0,0.0,0.0,171,152.0,17.0,2.0
541,Cartagena de Indias,2020-04-20,9,9.0,0.0,0.0,180,161.0,17.0,2.0
542,Cartagena de Indias,2020-04-21,3,1.0,2.0,0.0,183,162.0,19.0,2.0
543,Cartagena de Indias,2020-04-23,4,2.0,1.0,1.0,187,164.0,20.0,3.0
544,Cartagena de Indias,2020-04-24,11,9.0,1.0,1.0,198,173.0,21.0,4.0
545,Cartagena de Indias,2020-04-25,6,3.0,2.0,1.0,204,176.0,23.0,5.0
546,Cartagena de Indias,2020-04-26,14,13.0,1.0,0.0,218,189.0,24.0,5.0
547,Cartagena de Indias,2020-04-27,3,3.0,0.0,0.0,221,192.0,24.0,5.0
548,Cartagena de Indias,2020-04-28,13,13.0,0.0,0.0,234,205.0,24.0,5.0
549,Cartagena de Indias,2020-04-29,10,4.0,3.0,3.0,244,209.0,27.0,8.0
550,Cartagena de Indias,2020-04-30,25,24.0,1.0,0.0,269,233.0,28.0,8.0
551,Cartagena de Indias,2020-05-01,14,11.0,1.0,2.0,283,244.0,29.0,10.0
552,Cartagena de Indias,2020-05-02,25,18.0,4.0,3.0,308,262.0,33.0,13.0
553,Cartagena de Indias,2020-05-03,17,15.0,2.0,0.0,325,277.0,35.0,13.0
554,Cartagena de Indias,2020-05-04,17,14.0,2.0,1.0,342,291.0,37.0,14.0
555,Cartagena de Indias,2020-05-05,31,25.0,3.0,3.0,373,316.0,40.0,17.0
556,Cartagena de Indias,2020-05-06,24,21.0,3.0,0.0,397,337.0,43.0,17.0
557,Cartagena de Indias,2020-05-07,5,4.0,0.0,1.0,402,341.0,43.0,18.0
558,Cartagena de Indias,2020-05-08,92,78.0,11.0,3.0,494,419.0,54.0,21.0
559,Cartagena de Indias,2020-05-09,45,41.0,2.0,2.0,539,460.0,56.0,23.0
560,Cartagena de Indias,2020-05-10,92,83.0,8.0,1.0,631,543.0,64.0,24.0
561,Cartagena de Indias,2020-05-11,56,49.0,6.0,1.0,687,592.0,70.0,25.0
562,Cartagena de Indias,2020-05-12,84,79.0,5.0,0.0,771,671.0,75.0,25.0
563,Cartagena de Indias,2020-05-13,108,99.0,9.0,0.0,879,770.0,84.0,25.0
564,Cartagena de Indias,2020-05-14,107,102.0,4.0,1.0,986,872.0,88.0,26.0
565,Cartagena de Indias,2020-05-15,89,82.0,7.0,0.0,1075,954.0,95.0,26.0
566,Cartagena de Indias,2020-05-16,125,116.0,7.0,2.0,1200,1070.0,102.0,28.0
567,Cartagena de Indias,2020-05-17,57,57.0,0.0,0.0,1257,1127.0,102.0,28.0
568,Cartagena de Indias,2020-05-18,129,122.0,6.0,1.0,1386,1249.0,108.0,29.0
569,Cartagena de Indias,2020-05-19,75,67.0,8.0,0.0,1461,1316.0,116.0,29.0
570,Cartagena de Indias,2020-05-20,86,76.0,9.0,1.0,1547,1392.0,125.0,30.0
571,Cartagena de Indias,2020-05-21,122,114.0,8.0,0.0,1669,1506.0,133.0,30.0
572,Cartagena de Indias,2020-05-22,45,42.0,3.0,0.0,1714,1548.0,136.0,30.0
573,Cartagena de Indias,2020-05-23,166,159.0,7.0,0.0,1880,1707.0,143.0,30.0
574,Cartagena de Indias,2020-05-24,232,223.0,9.0,0.0,2112,1930.0,152.0,30.0
575,Cartagena de Indias,2020-05-25,32,32.0,0.0,0.0,2144,1962.0,152.0,30.0
576,Cartagena de Indias,2020-05-26,74,72.0,2.0,0.0,2218,2034.0,154.0,30.0
577,Cartagena de Indias,2020-05-27,120,117.0,3.0,0.0,2338,2151.0,157.0,30.0
578,Cartagena de Indias,2020-05-28,131,126.0,3.0,2.0,2469,2277.0,160.0,32.0
579,Cartagena de Indias,2020-05-29,176,172.0,4.0,0.0,2645,2449.0,164.0,32.0
580,Cartagena de Indias,2020-05-30,178,167.0,10.0,1.0,2823,2616.0,174.0,33.0
581,Cartagena de Indias,2020-05-31,146,139.0,6.0,1.0,2969,2755.0,180.0,34.0
582,Cartagena de Indias,2020-06-01,74,73.0,1.0,0.0,3043,2828.0,181.0,34.0
583,Cartagena de Indias,2020-06-02,83,74.0,8.0,1.0,3126,2902.0,189.0,35.0
584,Cartagena de Indias,2020-06-03,193,184.0,8.0,1.0,3319,3086.0,197.0,36.0
585,Cartagena de Indias,2020-06-04,142,140.0,2.0,0.0,3461,3226.0,199.0,36.0
586,Cartagena de Indias,2020-06-05,134,134.0,0.0,0.0,3595,3360.0,199.0,36.0
587,Cartagena de Indias,2020-06-06,96,89.0,5.0,2.0,3691,3449.0,204.0,38.0
588,Cartagena de Indias,2020-06-07,140,138.0,2.0,0.0,3831,3587.0,206.0,38.0
589,Cartagena de Indias,2020-06-08,86,80.0,6.0,0.0,3917,3667.0,212.0,38.0
590,Cartagena de Indias,2020-06-09,128,118.0,7.0,3.0,4045,3785.0,219.0,41.0
591,Cartagena de Indias,2020-06-10,117,114.0,2.0,1.0,4162,3899.0,221.0,42.0
592,Cartagena de Indias,2020-06-11,131,121.0,8.0,2.0,4293,4020.0,229.0,44.0
593,Cartagena de Indias,2020-06-12,118,110.0,5.0,3.0,4411,4130.0,234.0,47.0
594,Cartagena de Indias,2020-06-13,140,135.0,3.0,2.0,4551,4265.0,237.0,49.0
595,Cartagena de Indias,2020-06-14,212,198.0,10.0,4.0,4763,4463.0,247.0,53.0
596,Cartagena de Indias,2020-06-15,82,73.0,8.0,1.0,4845,4536.0,255.0,54.0
597,Cartagena de Indias,2020-06-16,138,130.0,3.0,5.0,4983,4666.0,258.0,59.0
598,Cartagena de Indias,2020-06-17,117,108.0,8.0,1.0,5100,4774.0,266.0,60.0
599,Cartagena de Indias,2020-06-18,233,214.0,15.0,4.0,5333,4988.0,281.0,64.0
600,Cartagena de Indias,2020-06-19,358,332.0,17.0,9.0,5691,5320.0,298.0,73.0
601,Cartagena de Indias,2020-06-20,216,202.0,8.0,6.0,5907,5522.0,306.0,79.0
602,Cartagena de Indias,2020-06-21,239,221.0,11.0,7.0,6146,5743.0,317.0,86.0
603,Cartagena de Indias,2020-06-22,269,267.0,1.0,1.0,6415,6010.0,318.0,87.0
604,Cartagena de Indias,2020-06-23,159,156.0,2.0,1.0,6574,6166.0,320.0,88.0
605,Cartagena de Indias,2020-06-24,182,166.0,9.0,7.0,6756,6332.0,329.0,95.0
606,Cartagena de Indias,2020-06-25,334,314.0,11.0,9.0,7090,6646.0,340.0,104.0
607,Cartagena de Indias,2020-06-26,237,229.0,6.0,2.0,7327,6875.0,346.0,106.0
608,Cartagena de Indias,2020-06-27,313,289.0,19.0,5.0,7640,7164.0,365.0,111.0
609,Cartagena de Indias,2020-06-28,215,202.0,8.0,5.0,7855,7366.0,373.0,116.0
610,Cartagena de Indias,2020-06-29,124,115.0,5.0,4.0,7979,7481.0,378.0,120.0
611,Cartagena de Indias,2020-06-30,165,163.0,2.0,0.0,8144,7644.0,380.0,120.0
612,Cartagena de Indias,2020-07-01,217,211.0,5.0,1.0,8361,7855.0,385.0,121.0
613,Cartagena de Indias,2020-07-02,220,210.0,8.0,2.0,8581,8065.0,393.0,123.0
614,Cartagena de Indias,2020-07-03,210,205.0,2.0,3.0,8791,8270.0,395.0,126.0
615,Cartagena de Indias,2020-07-04,247,240.0,4.0,3.0,9038,8510.0,399.0,129.0
616,Cartagena de Indias,2020-07-05,329,325.0,4.0,0.0,9367,8835.0,403.0,129.0
617,Cartagena de Indias,2020-07-06,200,194.0,4.0,2.0,9567,9029.0,407.0,131.0
618,Cartagena de Indias,2020-07-07,203,199.0,4.0,0.0,9770,9228.0,411.0,131.0
619,Cartagena de Indias,2020-07-08,255,251.0,0.0,4.0,10025,9479.0,411.0,135.0
620,Cartagena de Indias,2020-07-09,195,194.0,1.0,0.0,10220,9673.0,412.0,135.0
621,Cartagena de Indias,2020-07-10,233,221.0,4.0,8.0,10453,9894.0,416.0,143.0
622,Cartagena de Indias,2020-07-11,141,137.0,3.0,1.0,10594,10031.0,419.0,144.0
623,Cartagena de Indias,2020-07-12,250,247.0,0.0,3.0,10844,10278.0,419.0,147.0
624,Cartagena de Indias,2020-07-13,123,115.0,2.0,6.0,10967,10393.0,421.0,153.0
625,Cartagena de Indias,2020-07-14,214,211.0,3.0,0.0,11181,10604.0,424.0,153.0
626,Cartagena de Indias,2020-07-15,210,196.0,12.0,2.0,11391,10800.0,436.0,155.0
627,Cartagena de Indias,2020-07-16,681,662.0,12.0,7.0,12072,11462.0,448.0,162.0
628,Cartagena de Indias,2020-07-17,439,431.0,5.0,3.0,12511,11893.0,453.0,165.0
629,Cartagena de Indias,2020-07-18,514,510.0,2.0,2.0,13025,12403.0,455.0,167.0
630,Cartagena de Indias,2020-07-19,182,180.0,2.0,0.0,13207,12583.0,457.0,167.0
631,Cartagena de Indias,2020-07-20,214,209.0,5.0,0.0,13421,12792.0,462.0,167.0
632,Cartagena de Indias,2020-07-21,250,242.0,5.0,3.0,13671,13034.0,467.0,170.0
633,Cartagena de Indias,2020-07-22,161,153.0,3.0,5.0,13832,13187.0,470.0,175.0
634,Cartagena de Indias,2020-07-23,152,145.0,4.0,3.0,13984,13332.0,474.0,178.0
635,Cartagena de Indias,2020-07-24,114,111.0,2.0,1.0,14098,13443.0,476.0,179.0
636,Cartagena de Indias,2020-07-25,130,122.0,2.0,6.0,14228,13565.0,478.0,185.0
637,Cartagena de Indias,2020-07-26,337,330.0,5.0,2.0,14565,13895.0,483.0,187.0
638,Cartagena de Indias,2020-07-27,109,106.0,2.0,1.0,14674,14001.0,485.0,188.0
639,Cartagena de Indias,2020-07-28,321,319.0,2.0,0.0,14995,14320.0,487.0,188.0
640,Cartagena de Indias,2020-07-29,183,178.0,4.0,1.0,15178,14498.0,491.0,189.0
641,Cartagena de Indias,2020-07-30,210,208.0,0.0,2.0,15388,14706.0,491.0,191.0
642,Cartagena de Indias,2020-07-31,198,196.0,0.0,2.0,15586,14902.0,491.0,193.0
643,Cartagena de Indias,2020-08-01,320,318.0,1.0,1.0,15906,15220.0,492.0,194.0
644,Cartagena de Indias,2020-08-02,234,233.0,0.0,1.0,16140,15453.0,492.0,195.0
645,Cartagena de Indias,2020-08-03,186,185.0,1.0,0.0,16326,15638.0,493.0,195.0
646,Cartagena de Indias,2020-08-04,69,66.0,3.0,0.0,16395,15704.0,496.0,195.0
647,Cartagena de Indias,2020-08-05,211,208.0,2.0,1.0,16606,15912.0,498.0,196.0
648,Cartagena de Indias,2020-08-06,66,66.0,0.0,0.0,16672,15978.0,498.0,196.0
649,Cartagena de Indias,2020-08-07,209,209.0,0.0,0.0,16881,16187.0,498.0,196.0
650,Cartagena de Indias,2020-08-08,132,130.0,0.0,2.0,17013,16317.0,498.0,198.0
651,Cartagena de Indias,2020-08-09,164,163.0,1.0,0.0,17177,16480.0,499.0,198.0
652,Cartagena de Indias,2020-08-10,125,124.0,1.0,0.0,17302,16604.0,500.0,198.0
653,Cartagena de Indias,2020-08-11,175,169.0,3.0,3.0,17477,16773.0,503.0,201.0
654,Cartagena de Indias,2020-08-12,129,126.0,1.0,2.0,17606,16899.0,504.0,203.0
655,Cartagena de Indias,2020-08-13,91,89.0,1.0,1.0,17697,16988.0,505.0,204.0
656,Cartagena de Indias,2020-08-14,114,108.0,2.0,4.0,17811,17096.0,507.0,208.0
657,Cartagena de Indias,2020-08-15,202,199.0,1.0,2.0,18013,17295.0,508.0,210.0
658,Cartagena de Indias,2020-08-16,127,126.0,1.0,0.0,18140,17421.0,509.0,210.0
659,Cartagena de Indias,2020-08-17,59,56.0,0.0,3.0,18199,17477.0,509.0,213.0
660,Cartagena de Indias,2020-08-18,207,204.0,0.0,3.0,18406,17681.0,509.0,216.0
661,Cartagena de Indias,2020-08-19,122,114.0,0.0,8.0,18528,17795.0,509.0,224.0
662,Cartagena de Indias,2020-08-20,65,56.0,1.0,8.0,18593,17851.0,510.0,232.0
663,Cartagena de Indias,2020-08-21,76,55.0,3.0,18.0,18669,17906.0,513.0,250.0
664,Cartagena de Indias,2020-08-22,512,472.0,5.0,35.0,19181,18378.0,518.0,285.0
665,Cartagena de Indias,2020-08-23,53,34.0,1.0,18.0,19234,18412.0,519.0,303.0
666,Cartagena de Indias,2020-08-24,143,89.0,0.0,54.0,19377,18501.0,519.0,357.0
667,Cartagena de Indias,2020-08-25,280,254.0,1.0,25.0,19657,18755.0,520.0,382.0
668,Cartagena de Indias,2020-08-26,144,20.0,1.0,123.0,19801,18775.0,521.0,505.0
669,Cartagena de Indias,2020-08-27,252,25.0,2.0,225.0,20053,18800.0,523.0,730.0
670,Cartagena de Indias,2020-08-28,59,2.0,3.0,54.0,20112,18802.0,526.0,784.0
671,Cartagena de Indias,2020-08-29,124,2.0,0.0,122.0,20236,18804.0,526.0,906.0
672,Cartagena de Indias,2020-08-30,90,1.0,0.0,89.0,20326,18805.0,526.0,995.0
673,Cartagena de Indias,2020-08-31,82,0.0,1.0,81.0,20408,18805.0,527.0,1076.0
674,Cartagena de Indias,2020-09-01,140,0.0,1.0,139.0,20548,18805.0,528.0,1215.0
675,Cartagena de Indias,2020-09-02,48,0.0,0.0,48.0,20596,18805.0,528.0,1263.0
676,Cartagena de Indias,2020-09-03,67,0.0,0.0,67.0,20663,18805.0,528.0,1330.0
0,Barranquilla,2020-03-16,2,2.0,0.0,0.0,2,2.0,0.0,0.0
1,Barranquilla,2020-03-19,3,3.0,0.0,0.0,5,5.0,0.0,0.0
2,Barranquilla,2020-03-21,2,2.0,0.0,0.0,7,7.0,0.0,0.0
3,Barranquilla,2020-03-24,2,2.0,0.0,0.0,9,9.0,0.0,0.0
4,Barranquilla,2020-03-25,3,3.0,0.0,0.0,12,12.0,0.0,0.0
5,Barranquilla,2020-03-27,1,0.0,1.0,0.0,13,12.0,1.0,0.0
6,Barranquilla,2020-03-28,3,3.0,0.0,0.0,16,15.0,1.0,0.0
7,Barranquilla,2020-03-29,4,4.0,0.0,0.0,20,19.0,1.0,0.0
8,Barranquilla,2020-03-30,1,1.0,0.0,0.0,21,20.0,1.0,0.0
9,Barranquilla,2020-03-31,8,7.0,1.0,0.0,29,27.0,2.0,0.0
10,Barranquilla,2020-04-01,2,2.0,0.0,0.0,31,29.0,2.0,0.0
11,Barranquilla,2020-04-03,9,9.0,0.0,0.0,40,38.0,2.0,0.0
12,Barranquilla,2020-04-05,2,2.0,0.0,0.0,42,40.0,2.0,0.0
13,Barranquilla,2020-04-06,1,1.0,0.0,0.0,43,41.0,2.0,0.0
14,Barranquilla,2020-04-07,3,3.0,0.0,0.0,46,44.0,2.0,0.0
15,Barranquilla,2020-04-08,3,3.0,0.0,0.0,49,47.0,2.0,0.0
16,Barranquilla,2020-04-09,6,6.0,0.0,0.0,55,53.0,2.0,0.0
17,Barranquilla,2020-04-10,5,5.0,0.0,0.0,60,58.0,2.0,0.0
18,Barranquilla,2020-04-11,4,4.0,0.0,0.0,64,62.0,2.0,0.0
19,Barranquilla,2020-04-12,2,1.0,1.0,0.0,66,63.0,3.0,0.0
20,Barranquilla,2020-04-13,1,1.0,0.0,0.0,67,64.0,3.0,0.0
21,Barranquilla,2020-04-14,2,2.0,0.0,0.0,69,66.0,3.0,0.0
22,Barranquilla,2020-04-16,1,1.0,0.0,0.0,70,67.0,3.0,0.0
23,Barranquilla,2020-04-17,2,2.0,0.0,0.0,72,69.0,3.0,0.0
24,Barranquilla,2020-04-18,3,3.0,0.0,0.0,75,72.0,3.0,0.0
25,Barranquilla,2020-04-19,2,2.0,0.0,0.0,77,74.0,3.0,0.0
26,Barranquilla,2020-04-20,1,1.0,0.0,0.0,78,75.0,3.0,0.0
27,Barranquilla,2020-04-21,3,1.0,2.0,0.0,81,76.0,5.0,0.0
28,Barranquilla,2020-04-22,3,3.0,0.0,0.0,84,79.0,5.0,0.0
29,Barranquilla,2020-04-23,2,1.0,1.0,0.0,86,80.0,6.0,0.0
30,Barranquilla,2020-04-24,5,5.0,0.0,0.0,91,85.0,6.0,0.0
31,Barranquilla,2020-04-25,7,7.0,0.0,0.0,98,92.0,6.0,0.0
32,Barranquilla,2020-04-26,12,12.0,0.0,0.0,110,104.0,6.0,0.0
33,Barranquilla,2020-04-27,18,18.0,0.0,0.0,128,122.0,6.0,0.0
34,Barranquilla,2020-04-28,9,8.0,1.0,0.0,137,130.0,7.0,0.0
35,Barranquilla,2020-04-29,2,1.0,1.0,0.0,139,131.0,8.0,0.0
36,Barranquilla,2020-04-30,19,18.0,1.0,0.0,158,149.0,9.0,0.0
37,Barranquilla,2020-05-01,5,5.0,0.0,0.0,163,154.0,9.0,0.0
38,Barranquilla,2020-05-02,31,29.0,2.0,0.0,194,183.0,11.0,0.0
39,Barranquilla,2020-05-03,46,43.0,3.0,0.0,240,226.0,14.0,0.0
40,Barranquilla,2020-05-04,11,11.0,0.0,0.0,251,237.0,14.0,0.0
41,Barranquilla,2020-05-05,44,35.0,9.0,0.0,295,272.0,23.0,0.0
42,Barranquilla,2020-05-06,7,7.0,0.0,0.0,302,279.0,23.0,0.0
43,Barranquilla,2020-05-07,17,17.0,0.0,0.0,319,296.0,23.0,0.0
44,Barranquilla,2020-05-08,57,56.0,1.0,0.0,376,352.0,24.0,0.0
45,Barranquilla,2020-05-09,11,10.0,1.0,0.0,387,362.0,25.0,0.0
46,Barranquilla,2020-05-10,35,34.0,1.0,0.0,422,396.0,26.0,0.0
47,Barranquilla,2020-05-11,24,24.0,0.0,0.0,446,420.0,26.0,0.0
48,Barranquilla,2020-05-12,37,35.0,2.0,0.0,483,455.0,28.0,0.0
49,Barranquilla,2020-05-13,104,102.0,2.0,0.0,587,557.0,30.0,0.0
50,Barranquilla,2020-05-14,62,59.0,3.0,0.0,649,616.0,33.0,0.0
51,Barranquilla,2020-05-15,60,57.0,3.0,0.0,709,673.0,36.0,0.0
52,Barranquilla,2020-05-16,31,31.0,0.0,0.0,740,704.0,36.0,0.0
53,Barranquilla,2020-05-17,81,77.0,4.0,0.0,821,781.0,40.0,0.0
54,Barranquilla,2020-05-18,22,22.0,0.0,0.0,843,803.0,40.0,0.0
55,Barranquilla,2020-05-19,36,35.0,1.0,0.0,879,838.0,41.0,0.0
56,Barranquilla,2020-05-20,66,64.0,2.0,0.0,945,902.0,43.0,0.0
57,Barranquilla,2020-05-21,83,81.0,2.0,0.0,1028,983.0,45.0,0.0
58,Barranquilla,2020-05-22,58,56.0,2.0,0.0,1086,1039.0,47.0,0.0
59,Barranquilla,2020-05-23,143,134.0,9.0,0.0,1229,1173.0,56.0,0.0
60,Barranquilla,2020-05-24,104,102.0,2.0,0.0,1333,1275.0,58.0,0.0
61,Barranquilla,2020-05-25,34,34.0,0.0,0.0,1367,1309.0,58.0,0.0
62,Barranquilla,2020-05-26,90,88.0,2.0,0.0,1457,1397.0,60.0,0.0
63,Barranquilla,2020-05-27,44,41.0,3.0,0.0,1501,1438.0,63.0,0.0
64,Barranquilla,2020-05-28,81,77.0,4.0,0.0,1582,1515.0,67.0,0.0
65,Barranquilla,2020-05-29,80,77.0,3.0,0.0,1662,1592.0,70.0,0.0
66,Barranquilla,2020-05-30,189,169.0,20.0,0.0,1851,1761.0,90.0,0.0
67,Barranquilla,2020-05-31,122,117.0,5.0,0.0,1973,1878.0,95.0,0.0
68,Barranquilla,2020-06-01,95,92.0,3.0,0.0,2068,1970.0,98.0,0.0
69,Barranquilla,2020-06-02,181,165.0,16.0,0.0,2249,2135.0,114.0,0.0
70,Barranquilla,2020-06-03,138,130.0,8.0,0.0,2387,2265.0,122.0,0.0
71,Barranquilla,2020-06-04,320,296.0,24.0,0.0,2707,2561.0,146.0,0.0
72,Barranquilla,2020-06-05,199,184.0,15.0,0.0,2906,2745.0,161.0,0.0
73,Barranquilla,2020-06-06,184,169.0,15.0,0.0,3090,2914.0,176.0,0.0
74,Barranquilla,2020-06-07,174,157.0,17.0,0.0,3264,3071.0,193.0,0.0
75,Barranquilla,2020-06-08,135,115.0,20.0,0.0,3399,3186.0,213.0,0.0
76,Barranquilla,2020-06-09,245,227.0,15.0,3.0,3644,3413.0,228.0,3.0
77,Barranquilla,2020-06-10,218,200.0,17.0,1.0,3862,3613.0,245.0,4.0
78,Barranquilla,2020-06-11,203,193.0,8.0,2.0,4065,3806.0,253.0,6.0
79,Barranquilla,2020-06-12,388,355.0,28.0,5.0,4453,4161.0,281.0,11.0
80,Barranquilla,2020-06-13,284,242.0,28.0,14.0,4737,4403.0,309.0,25.0
81,Barranquilla,2020-06-14,326,297.0,25.0,4.0,5063,4700.0,334.0,29.0
82,Barranquilla,2020-06-15,791,735.0,45.0,11.0,5854,5435.0,379.0,40.0
83,Barranquilla,2020-06-16,273,244.0,24.0,5.0,6127,5679.0,403.0,45.0
84,Barranquilla,2020-06-17,439,402.0,34.0,3.0,6566,6081.0,437.0,48.0
85,Barranquilla,2020-06-18,556,516.0,35.0,5.0,7122,6597.0,472.0,53.0
86,Barranquilla,2020-06-19,400,361.0,33.0,6.0,7522,6958.0,505.0,59.0
87,Barranquilla,2020-06-20,513,460.0,44.0,9.0,8035,7418.0,549.0,68.0
88,Barranquilla,2020-06-21,414,364.0,44.0,6.0,8449,7782.0,593.0,74.0
89,Barranquilla,2020-06-22,327,295.0,31.0,1.0,8776,8077.0,624.0,75.0
90,Barranquilla,2020-06-23,339,290.0,44.0,5.0,9115,8367.0,668.0,80.0
91,Barranquilla,2020-06-24,522,469.0,48.0,5.0,9637,8836.0,716.0,85.0
92,Barranquilla,2020-06-25,262,239.0,18.0,5.0,9899,9075.0,734.0,90.0
93,Barranquilla,2020-06-26,888,824.0,52.0,12.0,10787,9899.0,786.0,102.0
94,Barranquilla,2020-06-27,562,533.0,22.0,7.0,11349,10432.0,808.0,109.0
95,Barranquilla,2020-06-28,518,479.0,33.0,6.0,11867,10911.0,841.0,115.0
96,Barranquilla,2020-06-29,352,336.0,13.0,3.0,12219,11247.0,854.0,118.0
97,Barranquilla,2020-06-30,393,377.0,16.0,0.0,12612,11624.0,870.0,118.0
98,Barranquilla,2020-07-01,374,318.0,47.0,9.0,12986,11942.0,917.0,127.0
99,Barranquilla,2020-07-02,613,555.0,48.0,10.0,13599,12497.0,965.0,137.0
100,Barranquilla,2020-07-03,351,284.0,55.0,12.0,13950,12781.0,1020.0,149.0
101,Barranquilla,2020-07-04,363,313.0,34.0,16.0,14313,13094.0,1054.0,165.0
102,Barranquilla,2020-07-05,527,478.0,37.0,12.0,14840,13572.0,1091.0,177.0
103,Barranquilla,2020-07-06,371,349.0,18.0,4.0,15211,13921.0,1109.0,181.0
104,Barranquilla,2020-07-07,518,487.0,19.0,12.0,15729,14408.0,1128.0,193.0
105,Barranquilla,2020-07-08,380,358.0,18.0,4.0,16109,14766.0,1146.0,197.0
106,Barranquilla,2020-07-09,675,631.0,36.0,8.0,16784,15397.0,1182.0,205.0
107,Barranquilla,2020-07-10,758,726.0,20.0,12.0,17542,16123.0,1202.0,217.0
108,Barranquilla,2020-07-11,384,340.0,37.0,7.0,17926,16463.0,1239.0,224.0
109,Barranquilla,2020-07-12,647,610.0,21.0,16.0,18573,17073.0,1260.0,240.0
110,Barranquilla,2020-07-13,404,388.0,12.0,4.0,18977,17461.0,1272.0,244.0
111,Barranquilla,2020-07-14,587,535.0,41.0,11.0,19564,17996.0,1313.0,255.0
112,Barranquilla,2020-07-15,416,382.0,30.0,4.0,19980,18378.0,1343.0,259.0
113,Barranquilla,2020-07-16,968,929.0,29.0,10.0,20948,19307.0,1372.0,269.0
114,Barranquilla,2020-07-17,2036,2012.0,23.0,1.0,22984,21319.0,1395.0,270.0
115,Barranquilla,2020-07-18,1497,1472.0,22.0,3.0,24481,22791.0,1417.0,273.0
116,Barranquilla,2020-07-19,355,343.0,6.0,6.0,24836,23134.0,1423.0,279.0
117,Barranquilla,2020-07-20,516,498.0,13.0,5.0,25352,23632.0,1436.0,284.0
118,Barranquilla,2020-07-21,460,454.0,4.0,2.0,25812,24086.0,1440.0,286.0
119,Barranquilla,2020-07-22,230,207.0,17.0,6.0,26042,24293.0,1457.0,292.0
120,Barranquilla,2020-07-23,298,287.0,9.0,2.0,26340,24580.0,1466.0,294.0
121,Barranquilla,2020-07-24,203,183.0,17.0,3.0,26543,24763.0,1483.0,297.0
122,Barranquilla,2020-07-25,299,288.0,8.0,3.0,26842,25051.0,1491.0,300.0
123,Barranquilla,2020-07-26,431,423.0,7.0,1.0,27273,25474.0,1498.0,301.0
124,Barranquilla,2020-07-27,373,363.0,8.0,2.0,27646,25837.0,1506.0,303.0
125,Barranquilla,2020-07-28,744,728.0,12.0,4.0,28390,26565.0,1518.0,307.0
126,Barranquilla,2020-07-29,297,294.0,2.0,1.0,28687,26859.0,1520.0,308.0
127,Barranquilla,2020-07-30,483,462.0,9.0,12.0,29170,27321.0,1529.0,320.0
128,Barranquilla,2020-07-31,226,219.0,4.0,3.0,29396,27540.0,1533.0,323.0
129,Barranquilla,2020-08-01,422,412.0,5.0,5.0,29818,27952.0,1538.0,328.0
130,Barranquilla,2020-08-02,390,378.0,7.0,5.0,30208,28330.0,1545.0,333.0
131,Barranquilla,2020-08-03,425,417.0,8.0,0.0,30633,28747.0,1553.0,333.0
132,Barranquilla,2020-08-04,496,489.0,3.0,4.0,31129,29236.0,1556.0,337.0
133,Barranquilla,2020-08-05,254,247.0,4.0,3.0,31383,29483.0,1560.0,340.0
134,Barranquilla,2020-08-06,176,168.0,5.0,3.0,31559,29651.0,1565.0,343.0
135,Barranquilla,2020-08-07,387,377.0,6.0,4.0,31946,30028.0,1571.0,347.0
136,Barranquilla,2020-08-08,350,341.0,8.0,1.0,32296,30369.0,1579.0,348.0
137,Barranquilla,2020-08-09,357,351.0,5.0,1.0,32653,30720.0,1584.0,349.0
138,Barranquilla,2020-08-10,319,311.0,5.0,3.0,32972,31031.0,1589.0,352.0
139,Barranquilla,2020-08-11,275,266.0,4.0,5.0,33247,31297.0,1593.0,357.0
140,Barranquilla,2020-08-12,126,121.0,0.0,5.0,33373,31418.0,1593.0,362.0
141,Barranquilla,2020-08-13,202,194.0,2.0,6.0,33575,31612.0,1595.0,368.0
142,Barranquilla,2020-08-14,152,145.0,1.0,6.0,33727,31757.0,1596.0,374.0
143,Barranquilla,2020-08-15,211,204.0,3.0,4.0,33938,31961.0,1599.0,378.0
144,Barranquilla,2020-08-16,169,165.0,3.0,1.0,34107,32126.0,1602.0,379.0
145,Barranquilla,2020-08-17,95,86.0,1.0,8.0,34202,32212.0,1603.0,387.0
146,Barranquilla,2020-08-18,209,198.0,2.0,9.0,34411,32410.0,1605.0,396.0
147,Barranquilla,2020-08-19,347,319.0,0.0,28.0,34758,32729.0,1605.0,424.0
148,Barranquilla,2020-08-20,163,144.0,3.0,16.0,34921,32873.0,1608.0,440.0
149,Barranquilla,2020-08-21,100,53.0,3.0,44.0,35021,32926.0,1611.0,484.0
150,Barranquilla,2020-08-22,40,20.0,1.0,19.0,35061,32946.0,1612.0,503.0
151,Barranquilla,2020-08-23,166,120.0,3.0,43.0,35227,33066.0,1615.0,546.0
152,Barranquilla,2020-08-24,153,92.0,1.0,60.0,35380,33158.0,1616.0,606.0
153,Barranquilla,2020-08-25,126,82.0,2.0,42.0,35506,33240.0,1618.0,648.0
154,Barranquilla,2020-08-26,86,16.0,1.0,69.0,35592,33256.0,1619.0,717.0
155,Barranquilla,2020-08-27,126,16.0,2.0,108.0,35718,33272.0,1621.0,825.0
156,Barranquilla,2020-08-28,71,2.0,0.0,69.0,35789,33274.0,1621.0,894.0
157,Barranquilla,2020-08-29,64,2.0,3.0,59.0,35853,33276.0,1624.0,953.0
158,Barranquilla,2020-08-30,85,1.0,0.0,84.0,35938,33277.0,1624.0,1037.0
159,Barranquilla,2020-08-31,62,0.0,0.0,62.0,36000,33277.0,1624.0,1099.0
160,Barranquilla,2020-09-01,88,0.0,0.0,88.0,36088,33277.0,1624.0,1187.0
161,Barranquilla,2020-09-02,57,0.0,0.0,57.0,36145,33277.0,1624.0,1244.0
162,Barranquilla,2020-09-03,200,0.0,0.0,200.0,36345,33277.0,1624.0,1444.0
